{
    "items": [
        {
            "name": "new",
            "date": "1/1/2000",
            "category": "None",
            "id": 10
        },
        {
            "name": "egerg",
            "date": "1/1/2000",
            "category": "None",
            "id": 12
        },
        {
            "name": "Blue",
            "date": "12/24/2024",
            "category": "None",
            "id": 9
        }
    ],
    "cats": [
        "None",
        "aaa"
    ]
}